Date,New_Cases,New_Deaths,Value
2020-02-17,0,0,
2020-02-18,0,0,3370.29
2020-02-19,0,0,3386.15
2020-02-20,0,0,3373.23
2020-02-21,20,0,3337.75
2020-02-24,18,0,3225.89
2020-02-25,4,0,3128.21
2020-02-26,3,0,3116.39
2020-02-27,0,0,2978.76
2020-02-28,3,0,2954.22
2020-03-02,25,5,3090.23
2020-03-03,24,3,3003.37
2020-03-04,34,2,3130.12
2020-03-05,63,1,3023.94
2020-03-06,98,3,2972.37
2020-03-09,163,4,2746.56
2020-03-10,290,4,2882.23
2020-03-11,307,8,2741.38
2020-03-12,1134,21,2480.64
2020-03-13,741,5,2711.02
2020-03-16,1361,22,2386.13
2020-03-17,2479,29,2529.19
2020-03-18,3765,48,2398.1
2020-03-19,5356,58,2409.39
2020-03-20,6596,77,2304.92
2020-03-23,11522,175,2237.4
2020-03-24,12923,267,2447.33
2020-03-25,14951,311,2475.56
2020-03-26,18685,389,2630.07
2020-03-27,20364,532,2541.47
2020-03-30,24020,855,2626.65
2020-03-31,26697,1087,2584.59
2020-04-01,27880,1300,2470.5
2020-04-02,28790,1205,2526.9
2020-04-03,34181,1341,2488.65
2020-04-06,31474,1576,2663.68
2020-04-07,34113,2201,2659.41
2020-04-08,32953,2283,2749.98
2020-04-09,34263,2199,2789.82
2020-04-10,34245,2271,
2020-04-13,27507,1810,2761.63
2020-04-14,29801,2532,2846.06
2020-04-15,32185,2716,2783.36
2020-04-16,30847,2293,2799.55
2020-04-17,33892,2650,2874.56
2020-04-20,28763,2024,2823.16
2020-04-21,27569,2680,2736.56
2020-04-22,31841,2466,2799.31
2020-04-23,34632,2429,2797.8
2020-04-24,34801,2026,2836.74
2020-04-27,24290,1611,2878.48
2020-04-28,27005,2374,2863.39
2020-04-29,30435,2247,2939.51
2020-04-30,31325,2242,2912.43
2020-05-01,35662,1968,2830.71
2020-05-04,24912,1479,2842.74
2020-05-05,25722,2092,2868.44
2020-05-06,25926,2503,2848.42
2020-05-07,29880,2004,2881.19
2020-05-08,29364,1652,2929.8
2020-05-11,18802,1160,2930.32
2020-05-12,24419,1858,2870.12
2020-05-13,23024,1690,2820.0
2020-05-14,27029,1697,2852.5
2020-05-15,28488,1533,2863.7
2020-05-18,23052,1033,2953.91
2020-05-19,22371,1540,2922.94
2020-05-20,23747,1391,2971.61
2020-05-21,27611,1436,2948.51
2020-05-22,25592,1279,2955.45
2020-05-25,18586,759,
2020-05-26,18946,870,2991.77
2020-05-27,21532,1426,3036.13
2020-05-28,24249,1189,3029.73
2020-05-29,25770,1143,3044.31
2020-06-01,18536,735,3055.73
2020-06-02,23985,1120,3080.82
2020-06-03,21403,1053,3122.87
2020-06-04,23327,1000,3112.35
2020-06-05,25671,902,3193.93
2020-06-08,18644,689,3232.39
2020-06-09,20494,939,3207.18
2020-06-10,22252,951,3190.14
2020-06-11,23815,843,3002.1
2020-06-12,26610,770,3041.31
2020-06-15,21340,515,3066.59
2020-06-16,27913,795,3124.74
2020-06-17,28453,843,3113.49
2020-06-18,28880,655,3115.34
2020-06-19,35772,703,3097.74
2020-06-22,32737,473,3117.86
2020-06-23,38244,825,3131.29
2020-06-24,40431,810,3050.33
2020-06-25,43212,660,3083.76
2020-06-26,49128,676,3009.05
2020-06-29,43032,445,3053.24
2020-06-30,50689,700,3100.29
2020-07-01,55981,668,3115.86
2020-07-02,61627,666,3130.01
2020-07-03,62425,658,
2020-07-06,51963,519,3179.72
2020-07-07,60507,1034,3145.32
2020-07-08,67222,967,3169.94
2020-07-09,65943,1029,3152.05
2020-07-10,75713,901,3185.04
2020-07-13,64871,647,3155.22
2020-07-14,69743,995,3197.52
2020-07-15,76709,1063,3226.56
2020-07-16,75767,1022,3215.57
2020-07-17,77894,1061,3224.73
2020-07-20,62112,785,3251.84
2020-07-21,70509,1298,3257.3
2020-07-22,75178,1287,3276.02
2020-07-23,72223,1241,3235.66
2020-07-24,80577,1307,3215.63
2020-07-27,58608,1015,3239.41
2020-07-28,68645,1489,3218.44
2020-07-29,69790,1403,3258.44
2020-07-30,69609,1433,3246.22
2020-07-31,74474,1474,3271.12
2020-08-03,47662,879,3294.61
2020-08-04,56703,1396,3306.51
2020-08-05,58763,1419,3327.77
2020-08-06,59490,1353,3349.16
2020-08-07,65592,1427,3351.28
2020-08-10,49363,756,3360.47
2020-08-11,57114,1385,3333.69
2020-08-12,57980,1449,3380.35
2020-08-13,55185,1351,3373.43
2020-08-14,63330,1223,3372.85
2020-08-17,41141,718,3381.99
2020-08-18,45840,1283,3389.78
2020-08-19,47310,1265,3374.85
2020-08-20,46838,1188,3385.51
2020-08-21,53338,1205,3397.16
2020-08-24,39492,653,3431.28
2020-08-25,43491,1188,3443.62
2020-08-26,46399,1288,3478.73
2020-08-27,46249,1201,3484.55
2020-08-28,50213,1129,3508.01
2020-08-31,36914,629,3500.31
2020-09-01,42739,1095,3526.65
2020-09-02,43937,1084,3580.84
2020-09-03,46004,1094,3455.06
2020-09-04,54235,1035,3426.96
2020-09-07,25070,497,
2020-09-08,29583,661,3331.84
2020-09-09,37338,1041,3398.96
2020-09-10,40350,989,3339.19
2020-09-11,49091,948,3340.97
2020-09-14,36154,580,3383.54
2020-09-15,39734,1064,3401.2
2020-09-16,42673,969,3385.49
2020-09-17,47286,874,3357.01
2020-09-18,50127,835,3319.47
2020-09-21,35620,475,3281.06
2020-09-22,37951,893,3315.57
2020-09-23,43890,974,3236.92
2020-09-24,46418,863,3246.59
2020-09-25,52077,873,3298.46
2020-09-28,37534,533,3351.6
2020-09-29,44480,865,3335.47
2020-09-30,44219,855,3363.0
2020-10-01,47368,839,3380.8
2020-10-02,51979,837,3348.44
2020-10-05,39728,559,3408.63
2020-10-06,47085,787,3360.95
2020-10-07,51348,906,3419.45
2020-10-08,60155,879,3446.83
2020-10-09,61065,886,3477.13
2020-10-12,47303,525,3534.22
2020-10-13,55883,766,3511.93
2020-10-14,60232,908,3488.67
2020-10-15,67108,874,3483.34
2020-10-16,72235,880,3483.81
2020-10-19,56160,625,3426.92
2020-10-20,66236,901,3443.12
2020-10-21,68975,1171,3435.56
2020-10-22,77494,1038,3453.49
2020-10-23,82399,869,3465.39
2020-10-26,70443,747,3400.97
2020-10-27,80043,982,3390.68
2020-10-28,86023,1034,3271.03
2020-10-29,94528,1039,3310.11
2020-10-30,103299,1023,3269.96
2020-11-02,88126,834,3310.24
2020-11-03,102393,1247,3369.16
2020-11-04,114722,1342,3443.44
2020-11-05,129921,1354,3510.45
2020-11-06,134896,1372,3509.44
2020-11-09,121827,1033,3550.5
2020-11-10,154290,1543,3545.53
2020-11-11,152390,1499,3572.66
2020-11-12,166904,1480,3537.01
2020-11-13,186330,1579,3585.15
2020-11-16,155483,1257,3626.91
2020-11-17,173225,1764,3609.53
2020-11-18,177723,2082,3567.79
2020-11-19,199690,2220,3581.87
2020-11-20,204750,2057,3557.54
2020-11-23,168580,1547,3577.59
2020-11-24,187599,2363,3635.41
2020-11-25,186678,2388,3629.65
2020-11-26,167405,1792,
2020-11-27,158735,1827,3638.35
2020-11-30,163908,1873,3621.63
2020-12-01,188503,2823,3662.45
2020-12-02,213950,2733,3669.01
2020-12-03,227457,2996,3666.72
2020-12-04,240091,2642,3699.12
2020-12-07,192694,2098,3691.96
2020-12-08,218873,3109,3702.25
2020-12-09,227734,3196,3672.82
2020-12-10,232938,3317,3668.1
2020-12-11,248326,3005,3663.46
2020-12-14,202540,2202,3647.49
2020-12-15,209618,3270,3694.62
2020-12-16,255628,3523,3701.17
2020-12-17,240663,3588,3722.48
2020-12-18,251653,3162,3709.41
2020-12-21,201146,2688,3694.92
2020-12-22,207550,3689,3687.26
2020-12-23,233410,3237,3690.01
2020-12-24,215915,3131,3703.06
2020-12-25,165334,2210,
2020-12-28,187341,2663,3735.36
2020-12-29,209895,3900,3727.04
2020-12-30,233017,3804,3732.04
2020-12-31,252124,3916,3756.07
2021-01-01,237949,2879,
2021-01-04,203669,2410,3700.65
2021-01-05,243018,3970,3726.86
2021-01-06,268259,3836,3748.14
2021-01-07,281466,4275,3803.79
2021-01-08,311086,3916,3824.68
2021-01-11,222057,2621,3799.61
2021-01-12,232204,4402,3801.19
2021-01-13,240925,3803,3809.84
2021-01-14,231538,4199,3795.54
2021-01-15,248619,3835,3768.25
2021-01-18,154135,2043,
2021-01-19,176798,3400,3798.91
2021-01-20,189136,4074,3851.85
2021-01-21,197362,4302,3853.07
2021-01-22,198378,3808,3841.47
2021-01-25,151335,2454,3855.36
2021-01-26,155513,3808,3849.62
2021-01-27,159600,4030,3750.77
2021-01-28,168249,3580,3787.38
2021-01-29,167755,3377,3714.24
2021-02-01,128791,2071,3773.86
2021-02-02,116709,3454,3826.31
2021-02-03,119490,3345,3830.17
2021-02-04,124170,3299,3871.74
2021-02-05,134062,3157,3886.83
2021-02-08,89312,1763,3915.59
2021-02-09,97401,3060,3911.23
2021-02-10,98819,2850,3909.88
2021-02-11,106251,2977,3916.38
2021-02-12,102111,2618,3934.83
2021-02-15,54623,1094,
2021-02-16,61652,1850,3932.59
2021-02-17,71409,2032,3931.33
2021-02-18,68473,2501,3913.97
2021-02-19,83396,2280,3906.71
2021-02-22,58554,1455,3876.5
2021-02-23,72592,2282,3881.37
2021-02-24,76128,2129,3925.43
2021-02-25,76481,2257,3829.34
2021-02-26,81015,2087,3811.15
2021-03-01,54260,1411,3901.82
2021-03-02,57762,1869,3870.29
2021-03-03,67266,2084,3819.72
2021-03-04,67679,1954,3768.47
2021-03-05,69929,1717,3841.94
2021-03-08,44384,914,3821.35
2021-03-09,55482,1346,3875.44
2021-03-10,59773,1596,3898.81
2021-03-11,62696,1472,3939.34
2021-03-12,67593,1470,3943.34
2021-03-15,45029,834,3968.94
2021-03-16,52872,1129,3962.71
2021-03-17,63173,1273,3974.12
2021-03-18,63709,1336,3915.46
2021-03-19,65798,1151,3913.1
2021-03-22,46078,696,3940.59
2021-03-23,59624,1030,3910.52
2021-03-24,66875,1273,3889.14
2021-03-25,66648,1170,3909.52
2021-03-26,76513,1118,3974.54
2021-03-29,57171,659,3971.09
2021-03-30,64503,857,3958.55
2021-03-31,70628,1006,3972.89
2021-04-01,76876,973,4019.87
2021-04-02,74763,924,
2021-04-05,54417,539,4077.91
2021-04-06,63672,811,4073.94
2021-04-07,74974,894,4079.95
2021-04-08,80614,963,4097.17
2021-04-09,84385,946,4128.8
2021-04-12,54122,563,4127.99
2021-04-13,78730,799,4141.59
2021-04-14,78622,900,4124.66
2021-04-15,74328,877,4170.42
2021-04-16,81782,833,4185.47
2021-04-19,50140,543,4163.26
2021-04-20,60996,817,4134.94
2021-04-21,65343,844,4173.42
2021-04-22,66388,863,4134.98
2021-04-23,66476,761,4180.17
2021-04-26,45955,505,4187.62
2021-04-27,52037,864,4186.72
2021-04-28,56388,789,4183.18
2021-04-29,59118,875,4211.47
2021-04-30,59670,751,4181.17
2021-05-03,38400,505,4192.66
2021-05-04,42248,843,4164.66
2021-05-05,46420,692,4167.59
2021-05-06,47848,784,4201.62
2021-05-07,49120,689,4232.6
2021-05-10,27744,426,4188.43
2021-05-11,34637,669,4152.1
2021-05-12,36065,767,4063.04
2021-05-13,38859,764,4112.5
2021-05-14,37702,725,4173.85
2021-05-17,23536,391,4163.29
2021-05-18,27674,652,4127.83
2021-05-19,29502,579,4115.68
2021-05-20,30442,627,4159.12
2021-05-21,28858,582,4155.86
2021-05-24,18470,416,4197.05
2021-05-25,23223,574,4188.13
2021-05-26,24287,544,4195.99
2021-05-27,23786,601,4200.88
2021-05-28,22864,561,4204.11
2021-05-31,9054,239,
2021-06-01,12354,310,4202.04
2021-06-02,16155,485,4208.12
2021-06-03,17898,533,4192.85
2021-06-04,18531,538,4229.89
2021-06-07,14014,281,4226.52
2021-06-08,14349,421,4227.26
2021-06-09,15855,445,4219.55
2021-06-10,16410,491,4239.18
2021-06-11,16175,390,4247.44
2021-06-14,10966,220,4255.15
2021-06-15,12865,357,4246.59
2021-06-16,14500,367,4223.7
2021-06-17,14295,343,4221.86
2021-06-18,14091,363,4166.45
2021-06-21,9963,269,4224.79
2021-06-22,13366,375,4246.44
2021-06-23,15917,353,4241.84
2021-06-24,15894,401,4266.49
2021-06-25,16129,338,4280.7
2021-06-28,12170,184,4290.61
2021-06-29,14362,325,4291.8
2021-06-30,17957,292,4297.5
2021-07-01,18425,338,4319.94
2021-07-02,18677,320,4352.34
2021-07-05,12279,164,
2021-07-06,15026,285,4343.54
2021-07-07,22943,271,4358.13
2021-07-08,27246,318,4320.82
2021-07-09,30054,329,4369.55
2021-07-12,23535,257,4384.63
2021-07-13,34002,372,4369.21
2021-07-14,39175,349,4374.3
2021-07-15,40534,379,4360.03
2021-07-16,44697,368,4327.16
2021-07-19,36968,247,4258.49
2021-07-20,50506,363,4323.06
2021-07-21,63350,435,4358.69
2021-07-22,66519,427,4367.48
2021-07-23,75072,410,4411.79
2021-07-26,53502,351,4422.3
2021-07-27,85861,492,4401.46
2021-07-28,91193,561,4400.64
2021-07-29,99505,530,4419.15
2021-07-30,110601,591,4395.26
2021-08-02,79701,555,4387.16
2021-08-03,114982,822,4423.15
2021-08-04,125482,759,4402.66
2021-08-05,132680,808,4429.1
2021-08-06,141256,896,4436.52
2021-08-09,100483,675,4432.35
2021-08-10,134702,1109,4436.75
2021-08-11,149734,1061,4447.7
2021-08-12,152514,1188,4460.83
2021-08-13,166304,1286,4468.0
2021-08-16,112598,944,4479.71
2021-08-17,151144,1456,4448.08
2021-08-18,166368,1587,4400.27
2021-08-19,172444,1560,4405.8
2021-08-20,187609,1607,4441.67
2021-08-23,120800,1059,4479.53
2021-08-24,160254,1838,4486.23
2021-08-25,185370,1999,4496.19
2021-08-26,182084,1841,4470.0
2021-08-27,199919,1979,4509.37
2021-08-30,135577,1427,4528.79
2021-08-31,171537,2052,4522.68
2021-09-01,192715,2179,4524.09
2021-09-02,188016,2184,4536.95
2021-09-03,193867,2072,4535.43
2021-09-06,127497,1331,
2021-09-07,119188,1715,4520.03
2021-09-08,161075,2261,4514.07
2021-09-09,175814,2627,4493.28
2021-09-10,183064,2337,4458.58
2021-09-13,113585,1458,4468.73
2021-09-14,153925,2563,4443.05
2021-09-15,170111,2675,4480.7
2021-09-16,162378,2372,4473.75
2021-09-17,165395,2260,4432.99
2021-09-20,98525,1522,4357.73
2021-09-21,132927,2483,4354.19
2021-09-22,137405,2386,4395.64
2021-09-23,135967,2526,4448.98
2021-09-24,137773,2219,4455.48
2021-09-27,88568,1390,4443.11
2021-09-28,111750,2276,4352.63
2021-09-29,125014,2463,4359.46
2021-09-30,125011,2257,4307.54
2021-10-01,124422,2043,4357.04
2021-10-04,77256,1223,4300.46
2021-10-05,104962,2101,4345.72
2021-10-06,112628,2291,4363.55
2021-10-07,110030,2041,4399.76
2021-10-08,109718,2092,4391.34
2021-10-11,64707,1008,4361.19
2021-10-12,91374,1782,4350.65
2021-10-13,100623,1862,4363.8
2021-10-14,98636,1958,4438.26
2021-10-15,96545,1792,4471.37
2021-10-18,60292,1047,4486.46
2021-10-19,79445,1713,4519.63
2021-10-20,83157,1929,4536.19
2021-10-21,87720,1778,4549.78
2021-10-22,85683,1645,4544.9
2021-10-25,56894,952,4566.48
2021-10-26,79445,1674,4574.79
2021-10-27,80786,1789,4551.68
2021-10-28,87377,1503,4596.42
2021-10-29,84996,1574,4605.38
2021-11-01,62444,888,4613.67
2021-11-02,76549,1356,4630.65
2021-11-03,79644,1534,4660.57
2021-11-04,90926,1342,4680.06
2021-11-05,88200,1364,4697.53
2021-11-08,60231,854,4701.7
2021-11-09,83633,1481,4685.25
2021-11-10,96145,1581,4646.71
2021-11-11,97124,1192,4649.27
2021-11-12,99176,1139,4682.85
2021-11-15,74035,729,4682.8
2021-11-16,100215,1425,4700.9
2021-11-17,107327,1435,4688.67
2021-11-18,115816,1383,4704.54
2021-11-19,114230,1236,4697.96
2021-11-22,78180,755,4682.94
2021-11-23,108729,1490,4690.7
2021-11-24,106647,1578,4701.46
2021-11-25,86116,888,
2021-11-26,72709,799,4594.62
2021-11-29,80375,757,4655.27
2021-11-30,123001,1599,4567.0
2021-12-01,134203,1591,4513.04
2021-12-02,150249,1452,4577.1
2021-12-03,151155,1318,4538.43
2021-12-06,98072,889,4591.67
2021-12-07,127126,1834,4686.75
2021-12-08,131136,1573,4701.21
2021-12-09,137227,1481,4667.45
2021-12-10,143387,1584,4712.02
2021-12-13,102164,957,4668.97
2021-12-14,124433,1771,4634.09
2021-12-15,143881,1739,4709.85
2021-12-16,162237,1483,4668.67
2021-12-17,173462,1748,4620.64
2021-12-20,159754,1017,4568.02
2021-12-21,196406,1891,4649.23
2021-12-22,243574,1784,4696.56
2021-12-23,296946,1543,4725.79
2021-12-24,323430,1239,
2021-12-27,255677,1058,4791.19
2021-12-28,351792,1960,4786.35
2021-12-29,491760,1939,4793.06
2021-12-30,613366,1771,4778.73
2021-12-31,634173,1270,4766.18
2022-01-03,529198,1196,4796.56
2022-01-04,617060,2073,4793.54
2022-01-05,736536,2011,4700.58
2022-01-06,834332,2468,4696.05
2022-01-07,914412,2316,4677.03
2022-01-10,721499,1644,4670.29
2022-01-11,764756,2786,4713.07
2022-01-12,901065,2679,4726.35
2022-01-13,901141,2711,4659.03
2022-01-14,899083,2730,4662.85
2022-01-17,639274,1705,
2022-01-18,626033,2606,4577.11
2022-01-19,749856,3034,4532.76
2022-01-20,767896,3396,4482.73
2022-01-21,833131,3111,4397.94
2022-01-24,508617,2064,4410.13
2022-01-25,501967,3402,4356.45
2022-01-26,553810,3701,4349.93
2022-01-27,563047,3433,4326.51
2022-01-28,547295,3322,4431.85
2022-01-31,290387,2014,4515.55
2022-02-01,307785,3491,4546.54
2022-02-02,324137,3534,4589.38
2022-02-03,305042,3322,4477.44
2022-02-04,311690,3067,4500.53
2022-02-07,161294,1916,4483.87
2022-02-08,198702,3354,4521.54
2022-02-09,219576,3294,4587.18
2022-02-10,194829,3075,4504.08
2022-02-11,167093,2554,4418.64
2022-02-14,88426,1565,4401.67
2022-02-15,110432,2826,4471.07
2022-02-16,114485,2784,4475.01
2022-02-17,113272,2655,4380.26
2022-02-18,117937,2477,4348.87
2022-02-21,56043,1073,
2022-02-22,65104,2039,4304.76
2022-02-23,75845,2362,4225.5
2022-02-24,82568,2374,4288.7
2022-02-25,76412,1897,4384.65
2022-02-28,37010,1188,4373.94
2022-03-01,47817,1689,4306.26
2022-03-02,50616,1680,4386.54
2022-03-03,52825,1468,4363.49
2022-03-04,46642,1595,4328.87
2022-03-07,28715,763,4201.09
2022-03-08,34541,1314,4170.7
2022-03-09,39170,1496,4277.88
2022-03-10,43148,1433,4259.52
2022-03-11,40935,1086,4204.31
2022-03-14,21680,604,4173.11
2022-03-15,30485,1136,4262.45
2022-03-16,31839,1164,4357.86
2022-03-17,38106,1115,4411.67
2022-03-18,33249,900,4463.12
2022-03-21,20374,465,4461.18
2022-03-22,28795,809,4511.61
2022-03-23,32982,824,4456.24
2022-03-24,35662,736,4520.16
2022-03-25,35261,784,4543.06
2022-03-28,20795,406,4575.52
2022-03-29,28126,721,4631.6
2022-03-30,32115,796,4602.45
2022-03-31,38213,627,4530.41
2022-04-01,33666,621,4545.86
2022-04-04,23456,398,4582.64
2022-04-05,29494,552,4525.12
2022-04-06,39796,550,4481.15
2022-04-07,40700,525,4500.21
2022-04-08,41480,514,4488.28
2022-04-11,30130,297,4412.53
2022-04-12,36248,587,4397.45
2022-04-13,43453,409,4446.59
2022-04-14,49717,391,4392.59
2022-04-15,51222,448,
2022-04-18,35546,255,4391.69
2022-04-19,40771,439,4462.21
2022-04-20,58000,524,4459.45
2022-04-21,60999,466,4393.66
2022-04-22,65924,407,4271.78
2022-04-25,47739,281,4296.12
2022-04-26,54109,373,4175.2
2022-04-27,66908,432,4183.96
2022-04-28,76041,416,4287.5
2022-04-29,77723,390,4131.93
2022-05-02,55721,295,4155.38
2022-05-03,64730,360,4175.48
2022-05-04,83002,377,4300.17
2022-05-05,94128,379,4146.87
2022-05-06,99356,367,4123.34
2022-05-09,78870,214,3991.24
2022-05-10,84062,331,4001.05
2022-05-11,101411,344,3935.18
2022-05-12,118122,335,3930.08
2022-05-13,115389,394,4023.89
2022-05-16,96420,242,4008.01
2022-05-17,99602,408,4088.85
2022-05-18,122989,372,3923.68
2022-05-19,134354,359,3900.79
2022-05-20,131245,366,3901.36
2022-05-23,90793,288,3973.75
2022-05-24,103226,461,3941.48
2022-05-25,129769,485,3978.73
2022-05-26,133743,411,4057.84
2022-05-27,130121,387,4158.24
2022-05-30,80580,157,
2022-05-31,77818,284,4132.15
2022-06-01,109697,470,4101.23
2022-06-02,124731,388,4176.82
2022-06-03,136841,456,4108.54
2022-06-06,93157,254,4121.43
2022-06-07,110154,466,4160.68
2022-06-08,123426,436,4115.77
2022-06-09,124791,379,4017.82
2022-06-10,128148,354,3900.86
2022-06-13,86676,299,3749.63
2022-06-14,99560,448,3735.48
2022-06-15,115941,436,3789.99
2022-06-16,113698,357,3666.77
2022-06-17,112064,346,3674.84
2022-06-20,74674,206,
2022-06-21,106279,340,3764.79
2022-06-22,119890,508,3759.89
2022-06-23,143370,522,3795.73
2022-06-24,134177,440,3911.74
2022-06-27,88431,259,3900.11
2022-06-28,107140,465,3821.55
2022-06-29,131585,505,3818.83
2022-06-30,139204,444,3785.38
2022-07-01,142274,473,3825.33
2022-07-04,84948,243,
2022-07-05,83439,328,3831.39
2022-07-06,116917,552,3845.08
2022-07-07,142933,542,3902.62
2022-07-08,154548,502,3899.38
2022-07-11,103829,322,3854.43
2022-07-12,132477,507,3818.8
2022-07-13,144927,548,3801.78
2022-07-14,151893,440,3790.38
2022-07-15,153712,460,3863.16
2022-07-18,104808,383,3830.85
2022-07-19,126417,561,3936.69
2022-07-20,148581,564,3959.9
2022-07-21,153796,501,3998.95
2022-07-22,151370,576,3961.63
2022-07-25,101263,364,3966.84
2022-07-26,126964,530,3921.05
2022-07-27,141258,572,4023.61
2022-07-28,146165,517,4072.43
2022-07-29,143838,536,4130.29
2022-08-01,97846,392,4118.63
2022-08-02,119241,663,4091.19
2022-08-03,132816,622,4155.17
2022-08-04,130587,598,4151.94
2022-08-05,131839,671,4145.19
2022-08-08,83031,380,4140.06
2022-08-09,108180,676,4122.47
2022-08-10,120698,633,4210.24
2022-08-11,122571,582,4207.27
2022-08-12,119634,579,4280.15
2022-08-15,72680,381,4297.14
2022-08-16,94758,552,4305.2
2022-08-17,112430,685,4274.04
2022-08-18,106293,504,4283.74
2022-08-19,113694,557,4228.48
2022-08-22,72364,359,4137.99
2022-08-23,90905,550,4128.73
2022-08-24,107276,545,4140.77
2022-08-25,106043,530,4199.12
2022-08-26,104690,552,4057.66
2022-08-29,65951,360,4030.61
2022-08-30,91677,597,3986.16
2022-08-31,94964,538,3955.0
2022-09-01,98093,464,3966.85
2022-09-02,91649,539,3924.26
2022-09-05,53330,251,
2022-09-06,55989,369,3908.19
2022-09-07,70589,535,3979.87
2022-09-08,75588,499,4006.18
2022-09-09,83637,571,4067.36
2022-09-12,50362,350,4110.41
2022-09-13,66864,556,3932.69
2022-09-14,69415,477,3946.01
2022-09-15,69476,450,3901.35
2022-09-16,68118,479,3873.33
2022-09-19,45265,289,3899.89
2022-09-20,56845,488,3855.93
2022-09-21,63814,496,3789.93
2022-09-22,59976,406,3757.99
2022-09-23,60125,469,3693.23
2022-09-26,38703,313,3655.04
2022-09-27,48239,448,3647.29
2022-09-28,53226,492,3719.04
2022-09-29,52852,447,3640.47
2022-09-30,53298,461,3585.62
2022-10-03,38299,344,3678.43
2022-10-04,41304,479,3790.93
2022-10-05,50877,486,3783.28
2022-10-06,46406,434,3744.52
2022-10-07,48221,457,3639.66
2022-10-10,32299,278,3612.39
2022-10-11,35884,303,3588.84
2022-10-12,46542,505,3577.03
2022-10-13,43903,386,3669.91
2022-10-14,44488,399,3583.07
2022-10-17,31556,329,3677.95
2022-10-18,38841,415,3719.98
2022-10-19,41188,410,3695.16
2022-10-20,43266,361,3665.78
2022-10-21,42514,395,3752.75
2022-10-24,32216,266,3797.34
2022-10-25,39545,395,3859.11
2022-10-26,43718,401,3830.6
2022-10-27,45635,414,3807.3
2022-10-28,46420,428,3901.06
2022-10-31,32974,290,3871.98
2022-11-01,38338,415,3856.1
2022-11-02,43270,402,3759.69
2022-11-03,48136,322,3719.89
2022-11-04,47119,364,3770.55
2022-11-07,35132,285,3806.8
2022-11-08,41509,343,3828.11
2022-11-09,47101,394,3748.57
2022-11-10,46261,416,3956.37
2022-11-11,44716,308,3992.93
2022-11-14,34445,279,3957.25
2022-11-15,41815,394,3991.73
2022-11-16,45697,461,3958.79
2022-11-17,49289,443,3946.56
2022-11-18,48745,420,3965.34
2022-11-21,35614,316,3949.94
2022-11-22,42959,407,4003.58
2022-11-23,52169,401,4027.26
2022-11-24,49072,315,
2022-11-25,39978,248,4026.12
2022-11-28,40196,269,3963.94
2022-11-29,57863,369,3957.63
2022-11-30,71981,453,4080.11
2022-12-01,75648,494,4076.57
2022-12-02,78056,423,4071.7
2022-12-05,57209,303,3998.84
2022-12-06,66969,453,3941.26
2022-12-07,77333,514,3933.92
2022-12-08,73262,419,3963.51
2022-12-09,73169,477,3934.38
2022-12-12,57552,360,3990.56
2022-12-13,67193,489,4019.65
2022-12-14,76941,455,3995.32
2022-12-15,79020,469,3895.75
2022-12-16,73506,435,3852.36
2022-12-19,59025,365,3817.66
2022-12-20,69125,547,3821.62
2022-12-21,76332,467,3878.44
2022-12-22,77126,472,3822.39
2022-12-23,72507,459,3844.82
2022-12-26,49753,297,
2022-12-27,53757,332,3829.25
2022-12-28,69486,489,3783.22
2022-12-29,75618,510,3849.28
2022-12-30,77382,494,3839.5
2023-01-02,53682,358,
2023-01-03,55576,382,3824.14
2023-01-04,70262,577,3852.97
2023-01-05,73976,570,3808.1
2023-01-06,72738,602,3895.08
2023-01-09,56290,516,3892.09
2023-01-10,60966,644,3919.25
2023-01-11,64676,594,3969.61
2023-01-12,57618,582,3983.17
2023-01-13,54699,684,3999.09
2023-01-16,39032,458,
2023-01-17,44978,531,3990.97
2023-01-18,49666,695,3928.86
2023-01-19,50319,549,3898.85
2023-01-20,46920,538,3972.61
2023-01-23,37547,489,4019.81
2023-01-24,43639,563,4016.95
2023-01-25,46256,569,4016.22
2023-01-26,47051,536,4060.43
2023-01-27,45765,537,4070.56
2023-01-30,35485,436,4017.77
2023-01-31,40622,568,4076.6
2023-02-01,45945,524,4119.21
2023-02-02,44731,505,4179.76
2023-02-03,44463,461,4136.48
2023-02-06,34319,450,4111.08
2023-02-07,39123,455,4164.0
2023-02-08,43153,546,4117.86
2023-02-09,42486,457,4081.5
2023-02-10,41702,458,4090.46
2023-02-13,32418,368,4137.29
2023-02-14,38828,427,4136.13
2023-02-15,40359,459,4147.6
2023-02-16,39070,443,4090.41
2023-02-17,37845,381,4079.09
2023-02-20,29264,310,
2023-02-21,34542,421,3997.34
2023-02-22,37889,425,3991.05
2023-02-23,36945,337,4012.32
2023-02-24,36781,335,3970.04
2023-02-27,27633,300,3982.24
2023-02-28,35087,364,3970.15
2023-03-01,34039,399,3951.39
2023-03-02,29727,409,3981.35
2023-03-03,30628,348,4045.64
2023-03-06,22529,269,4048.42
2023-03-07,27700,356,3986.37
2023-03-08,27948,301,3992.01
2023-03-09,27362,331,3918.32
2023-03-10,26899,317,3861.59
2023-03-13,20009,267,3855.76
2023-03-14,25115,321,3919.29
2023-03-15,26315,320,3891.93
2023-03-16,23392,408,3960.28
2023-03-17,22994,334,3916.64
2023-03-20,17690,250,3951.57
2023-03-21,23371,332,4002.87
2023-03-22,22286,306,3936.97
2023-03-23,23502,289,3948.72
2023-03-24,22399,287,3970.99
2023-03-27,17652,241,3977.53
2023-03-28,20583,252,3971.27
2023-03-29,21045,279,4027.81
2023-03-30,22734,414,4050.83
2023-03-31,19582,328,4109.31
2023-04-03,15893,287,4124.51
2023-04-04,19055,394,4100.6
2023-04-05,20608,315,4090.38
2023-04-06,19721,265,4105.02
2023-04-07,17437,235,
2023-04-10,13321,209,4109.11
2023-04-11,15631,235,4108.94
2023-04-12,17829,226,4091.95
2023-04-13,16999,245,4146.22
2023-04-14,17337,341,4137.64
2023-04-17,12827,199,4151.32
2023-04-18,14950,307,4154.87
2023-04-19,15673,226,4154.52
2023-04-20,15769,232,4129.79
2023-04-21,16228,250,4133.52
2023-04-24,12335,203,4137.04
2023-04-25,13011,212,4071.63
2023-04-26,15906,269,4055.99
2023-04-27,12473,298,4135.35
2023-04-28,12001,171,4169.48
2023-05-01,8931,211,4167.87
2023-05-02,11368,176,4119.58
2023-05-03,12566,183,4090.75
2023-05-04,12348,168,4061.22
2023-05-05,10800,144,4136.25
2023-05-08,8053,138,4138.12
2023-05-09,10345,128,4119.17
2023-05-10,10574,151,4137.64
2023-05-11,9536,174,4130.62
2023-05-12,8794,113,4124.08
2023-05-15,9488,129,4136.28
2023-05-16,10392,160,4109.9
2023-05-17,10207,141,4158.77
2023-05-18,9580,135,4198.05
2023-05-19,9498,133,4191.98
2023-05-22,6716,132,4192.63
2023-05-23,8305,129,4145.58
2023-05-24,8266,129,4115.24
2023-05-25,7507,151,4151.28
2023-05-26,8532,130,4205.45
2023-05-29,5692,113,
2023-05-30,6311,141,4205.52
2023-05-31,8007,101,4179.83
2023-06-01,8544,114,4221.02
2023-06-02,7913,110,4282.37
2023-06-05,6007,105,4273.79
2023-06-06,7795,104,4283.85
2023-06-07,7835,102,4267.52
2023-06-08,6838,103,4293.93
2023-06-09,6630,114,4298.86
2023-06-12,4791,98,4338.93
2023-06-13,7641,109,4369.01
2023-06-14,6979,106,4372.59
2023-06-15,6672,96,4425.84
2023-06-16,6106,91,4409.59
2023-06-19,4887,100,
2023-06-20,5993,74,4388.71
2023-06-21,6800,88,4365.69
2023-06-22,7622,91,4381.89
2023-06-23,7162,80,4348.33
2023-06-26,6830,89,4328.82
2023-06-27,7655,86,4378.41
2023-06-28,7661,77,4376.86
2023-06-29,7010,89,4396.44
2023-06-30,7414,79,4450.38
2023-07-03,5782,71,4455.59
2023-07-04,6794,83,
2023-07-05,5931,63,4446.82
2023-07-06,6958,64,4411.59
2023-07-07,7498,88,4398.95
2023-07-10,6274,66,4409.53
2023-07-11,7659,75,4439.26
2023-07-12,7854,88,4472.16
2023-07-13,7699,76,4510.04
2023-07-14,8415,87,4505.42
2023-07-17,7781,60,4522.79
2023-07-18,8664,67,4554.98
2023-07-19,9435,77,4565.72
2023-07-20,9858,123,4534.87
2023-07-21,9417,114,4536.34
2023-07-24,8813,122,4554.64
2023-07-25,9867,115,4567.46
2023-07-26,9569,108,4566.75
2023-07-27,11102,119,4537.41
2023-07-28,12276,114,4582.23
2023-07-31,11838,179,4588.96
2023-08-01,12227,116,4576.73
2023-08-02,13483,119,4513.39
2023-08-03,13043,108,4501.89
2023-08-04,13962,108,4478.03
2023-08-07,12293,116,4518.44
2023-08-08,15396,114,4499.38
2023-08-09,16003,113,4467.71
2023-08-10,16037,82,4468.83
2023-08-11,16677,80,4464.05
2023-08-14,14400,80,4489.72
2023-08-15,18317,97,4437.86
2023-08-16,18758,92,4404.33
2023-08-17,20178,99,4370.36
2023-08-18,22227,97,4369.71
2023-08-21,19207,105,4399.77
2023-08-22,23244,100,4387.55
2023-08-23,24588,104,4436.01
2023-08-24,25497,101,4376.31
2023-08-25,25727,99,4405.71
2023-08-28,21572,85,4433.31
2023-08-29,27236,85,4497.63
2023-08-30,26216,91,4514.87
2023-08-31,26182,125,4507.66
2023-09-01,26811,97,4515.77
2023-09-04,21109,104,
2023-09-05,21638,102,4496.83
2023-09-06,26912,113,4465.48
2023-09-07,28333,124,4451.14
2023-09-08,29688,113,4457.49
2023-09-11,21860,112,4487.46
2023-09-12,24340,126,4461.9
2023-09-13,23514,122,4467.44
2023-09-14,24157,145,4505.1
2023-09-15,22892,133,4450.32
2023-09-18,19490,126,4453.53
2023-09-19,21147,154,4443.95
2023-09-20,19489,131,4402.2
2023-09-21,20551,136,4330.0
2023-09-22,20829,130,4320.06
2023-09-25,17577,127,4337.44
2023-09-26,18134,134,4273.53
2023-09-27,18373,112,4274.51
2023-09-28,20367,124,4299.7
2023-09-29,17988,160,4288.05
2023-10-02,14891,119,4288.39
2023-10-03,15620,131,4229.45
2023-10-04,15384,157,4263.75
2023-10-05,15982,139,4258.19
2023-10-06,14869,125,4308.5
2023-10-09,12647,135,4335.66
2023-10-10,13282,139,4358.24
2023-10-11,12590,133,4376.95
2023-10-12,14755,137,4349.61
2023-10-13,14110,145,4327.78
2023-10-16,11450,117,4373.63
2023-10-17,13530,143,4373.2
2023-10-18,13156,139,4314.6
2023-10-19,12551,111,4278.0
2023-10-20,13826,130,4224.16
2023-10-23,11621,135,4217.04
2023-10-24,12817,130,4247.68
2023-10-25,13836,125,4186.77
2023-10-26,13231,115,4137.23
2023-10-27,13535,99,4117.37
2023-10-30,10920,94,4166.82
2023-10-31,14070,125,4193.8
2023-11-01,12000,145,4237.86
2023-11-02,13004,116,4317.78
2023-11-03,13232,118,4358.34
2023-11-06,11038,132,4365.98
2023-11-07,12926,128,4378.38
2023-11-08,13744,134,4382.78
2023-11-09,14404,114,4347.35
2023-11-10,15070,122,4415.24
2023-11-13,12552,134,4411.55
2023-11-14,14653,136,4495.7
2023-11-15,14697,127,4502.88
2023-11-16,15121,134,4508.24
2023-11-17,16129,108,4514.02
2023-11-20,12856,100,4547.38
2023-11-21,13464,117,4538.19
2023-11-22,16202,118,4556.62
2023-11-23,14676,98,
2023-11-24,14048,116,4559.34
2023-11-27,13155,121,4550.43
2023-11-28,16334,114,4554.89
2023-11-29,17639,123,4550.58
2023-11-30,19350,145,4567.8
2023-12-01,20154,148,4594.63
2023-12-04,17346,127,4569.78
2023-12-05,18462,149,4567.18
2023-12-06,20602,146,4549.34
2023-12-07,21905,138,4585.59
2023-12-08,22118,138,4604.37
2023-12-11,18685,159,4622.44
2023-12-12,21595,164,4643.7
2023-12-13,22500,130,4707.09
2023-12-14,24933,156,4719.55
2023-12-15,22683,137,4719.19
2023-12-18,22176,153,4740.56
2023-12-19,26118,153,4768.37
2023-12-20,25394,165,4698.35
2023-12-21,30502,169,4746.75
2023-12-22,26672,137,4754.63
2023-12-25,20185,107,
2023-12-26,21696,172,4774.75
2023-12-27,24735,145,4781.58
2023-12-28,26944,156,4783.35
2023-12-29,32822,167,4769.83
2024-01-01,23916,138,
2024-01-02,23774,220,4742.83
2024-01-03,29094,175,4704.81
2024-01-04,29245,216,4688.68
2024-01-05,30724,194,4697.24
2024-01-08,24657,219,4763.54
2024-01-09,31282,229,4756.5
2024-01-10,26049,216,4783.45
2024-01-11,29529,198,4780.24
2024-01-12,28694,213,4783.83
2024-01-15,20347,165,
2024-01-16,24774,266,4765.98
2024-01-17,23189,219,4739.21
2024-01-18,24694,217,4780.94
2024-01-19,22714,218,4839.81
2024-01-22,18599,215,4850.43
2024-01-23,21787,207,4864.6
2024-01-24,21730,228,4868.55
2024-01-25,21788,212,4894.16
2024-01-26,22824,216,4890.97
2024-01-29,18850,221,4927.93
2024-01-30,20079,202,4924.97
2024-01-31,20090,199,4845.65
2024-02-01,21703,185,4906.19
2024-02-02,20446,159,4958.61
2024-02-05,16690,163,4942.81
2024-02-06,17406,171,4954.23
2024-02-07,20993,157,4995.06
2024-02-08,19114,142,4997.91
2024-02-09,18779,154,5026.61
2024-02-12,14903,114,5021.84
2024-02-13,18490,180,4953.17
2024-02-14,16922,129,5000.62
2024-02-15,16998,105,5029.73
2024-02-16,16178,121,5005.57
2024-02-19,11937,92,
2024-02-20,13589,90,4975.51
2024-02-21,14700,101,4981.8
2024-02-22,14544,140,5087.03
2024-02-23,14640,162,5088.8
2024-02-26,10867,108,5069.53
2024-02-27,13193,138,5078.18
2024-02-28,11913,116,5069.76
2024-02-29,12429,126,5096.27
2024-03-01,11296,113,5137.08
2024-03-04,8402,97,5130.95
2024-03-05,9891,103,5078.65
2024-03-06,8984,88,5104.76
2024-03-07,9498,76,5157.36
2024-03-08,8771,100,5123.69
2024-03-11,6476,69,5117.94
2024-03-12,7566,109,5175.27
2024-03-13,7078,83,5165.31
2024-03-14,6943,69,5150.48
2024-03-15,6514,64,5117.09
2024-03-18,4884,65,5149.42
2024-03-19,6271,79,5178.51
2024-03-20,5667,57,5224.62
2024-03-21,6133,60,5241.53
2024-03-22,5664,53,5234.18
2024-03-25,4159,50,5218.19
2024-03-26,5186,69,5203.58
2024-03-27,5714,53,5248.49
2024-03-28,4511,40,5254.35
2024-03-29,4396,42,
2024-04-01,3449,33,5243.77
2024-04-02,3595,37,5205.81
2024-04-03,3381,49,5211.49
2024-04-04,3187,31,5147.21
2024-04-05,3590,39,5204.34
2024-04-08,2331,28,5202.39
2024-04-09,2361,38,5209.91
2024-04-10,2555,30,5160.64
2024-04-11,1744,9,5199.06
2024-04-12,1151,7,5123.41
